fecha,numero,serie
2025-11-02,73,790
2025-11-09,07,869
2025-11-16,31,312
2025-11-23,99,678
2025-11-30,78,720
2025-12-07,17,235
2025-12-14,78,714
2025-12-21,82,844
2025-12-28,35,794
2026-01-04,03,497
2026-01-11,63,375
2026-01-18,63,421
2026-01-25,85,142
2026-02-08,99,646
2026-02-15,32,604
2026-02-22,00,384
2026-03-01,59,299
2026-03-08,11,252
2026-03-15,72,857
2026-03-22,14,296
2026-03-29,46,372
2026-04-12,81,571
2026-04-19,77,911
2026-04-26,96,974
2026-05-03,16,701
2026-05-10,92,667
2026-05-17,85,339
2026-05-24,05,207
2026-05-31,29,126
2026-06-07,91,147
2026-06-14,63,987
