,"Lunes, 30 de marzo",,,
,MEDIODÍA,N°,Rev,MR
,,45,-,68
,TARDE,N°,Rev,MR
,,11,-,32
,"Domingo, 29 de marzo",,,
,MEDIODÍA,N°,Rev,MR
,,93,R,92
,TARDE,N°,Rev,MR
,,96,R,92
,NOCHE,N°,Rev,MR
,,93,R,92
,"Sábado, 28 de marzo",,,
,MEDIODÍA,N°,Rev,MR
,,90,-,89
,TARDE,N°,Rev,MR
,,92,R,80
,NOCHE,N°,Rev,MR
,,95,-,80
,"Viernes, 27 de marzo",,,
,MEDIODÍA,N°,Rev,MR
,,14,-,70
,TARDE,N°,Rev,MR
,,97,-,40
,NOCHE,N°,Rev,MR
,,14,-,44
,"Jueves, 26 de marzo",,,
,MEDIODÍA,N°,Rev,MR
,,33,R,93
,TARDE,N°,Rev,MR
,,96,-,30
,NOCHE,N°,Rev,MR
,,33,-,30
,"Miércoles, 25 de marzo",,,
,MEDIODÍA,N°,Rev,MR
,,94,-,99
,TARDE,N°,Rev,MR
,,94,-,90
,NOCHE,N°,Rev,MR
,,90,R,82
,"Martes, 24 de marzo",,,
,MEDIODÍA,N°,Rev,MR
,,90,R,79
,TARDE,N°,Rev,MR
,,91,R,44
,NOCHE,N°,Rev,MR
,,91,-,44
,"Lunes, 23 de marzo",,,
,MEDIODÍA,N°,Rev,MR
,,90,-,49
,TARDE,N°,Rev,MR
,,99,R,40
,NOCHE,N°,Rev,MR
,,90,R,82
,"Domingo, 22 de marzo",,,
,MEDIODÍA,N°,Rev,MR
,,88,R,19
,TARDE,N°,Rev,MR
,,97,-,14
,NOCHE,N°,Rev,MR
,,80,R,94
,"Sábado, 21 de marzo",,,
,MEDIODÍA,N°,Rev,MR
,,14,-,79
,TARDE,N°,Rev,MR
,,97,R,50
,NOCHE,N°,Rev,MR
,,91,-,50
,"Viernes, 20 de marzo",,,
,MEDIODÍA,N°,Rev,MR
,,90,-,92
,TARDE,N°,Rev,MR
,,99,-,94
,NOCHE,N°,Rev,MR
,,39,R,34
,"Jueves, 19 de marzo",,,
,MEDIODÍA,N°,Rev,MR
,,98,R,89
,TARDE,N°,Rev,MR
,,92,-,10
,NOCHE,N°,Rev,MR
,,99,R,80
,"Miércoles, 18 de marzo",,,
,MEDIODÍA,N°,Rev,MR
,,14,R,75
,TARDE,N°,Rev,MR
,,91,-,10
,NOCHE,N°,Rev,MR
,,9,R,45
,"Martes, 17 de marzo",,,
,MEDIODÍA,N°,Rev,MR
,,93,-,93
,TARDE,N°,Rev,MR
,,96,R,90
,NOCHE,N°,Rev,MR
,,33,R,30
,"Lunes, 16 de marzo",,,
,MEDIODÍA,N°,Rev,MR
,,24,R,82
,TARDE,N°,Rev,MR
,,94,-,80
,NOCHE,N°,Rev,MR
,,49,R,82
,"Domingo, 15 de marzo",,,
,MEDIODÍA,N°,Rev,MR
,,10,-,71
,TARDE,N°,Rev,MR
,,91,-,40
,NOCHE,N°,Rev,MR
,,91,-,44
,"Sábado, 14 de marzo",,,
,MEDIODÍA,N°,Rev,MR
,,90,-,42
,TARDE,N°,Rev,MR
,,99,-,40
,NOCHE,N°,Rev,MR
,,33,R,82
,"Viernes, 13 de marzo",,,
,MEDIODÍA,N°,Rev,MR
,,98,R,99
,TARDE,N°,Rev,MR
,,92,R,14
,NOCHE,N°,Rev,MR
,,99,R,94
,"Jueves, 12 de marzo",,,
,MEDIODÍA,N°,Rev,MR
,,14,-,73
,TARDE,N°,Rev,MR
,,97,-,50
,NOCHE,N°,Rev,MR
,,1,-,53
,"Miércoles, 11 de marzo",,,
,MEDIODÍA,N°,Rev,MR
,,93,-,92
,TARDE,N°,Rev,MR
,,99,-,34
,NOCHE,N°,Rev,MR
,,93,-,32
,"Martes, 10 de marzo",,,
,MEDIODÍA,N°,Rev,MR
,,90,R,99
,TARDE,N°,Rev,MR
,,92,R,80
,NOCHE,N°,Rev,MR
,,90,-,84
