,"Viernes, 28 de agosto",,,
,MEDIODÍA,N°,Rev,MR
,,18,R,5
,TARDE,N°,Rev,MR
,,61,R,37
,NOCHE,N°,Rev,MR
,,9,-,19
,"Jueves, 27 de agosto",,,
,MEDIODÍA,N°,Rev,MR
,,57,R,91
,TARDE,N°,Rev,MR
,,74,-,47
,NOCHE,N°,Rev,MR
,,73,R,14
,"Miércoles, 26 de agosto",,,
,MEDIODÍA,N°,Rev,MR
,,94,-,91
,TARDE,N°,Rev,MR
,,70,R,85
,NOCHE,N°,Rev,MR
,,12,-,5
,"Martes, 25 de agosto",,,
,MEDIODÍA,N°,Rev,MR
,,67,-,69
,TARDE,N°,Rev,MR
,,2,-,28
,NOCHE,N°,Rev,MR
,,25,R,51
,"Lunes, 24 de agosto",,,
,MEDIODÍA,N°,Rev,MR
,,83,-,32
,TARDE,N°,Rev,MR
,,64,-,90
,NOCHE,N°,Rev,MR
,,62,-,1
,"Domingo, 23 de agosto",,,
,MEDIODÍA,N°,Rev,MR
,,17,-,42
,TARDE,N°,Rev,MR
,,25,-,55
,NOCHE,N°,Rev,MR
,,25,-,2
,"Sábado, 22 de agosto",,,
,MEDIODÍA,N°,Rev,MR
,,6,-,19
,TARDE,N°,Rev,MR
,,7,-,54
,NOCHE,N°,Rev,MR
,,32,-,79
,"Viernes, 21 de agosto",,,
,MEDIODÍA,N°,Rev,MR
,,81,-,11
,TARDE,N°,Rev,MR
,,97,-,58
,NOCHE,N°,Rev,MR
,,59,R,69
,"Jueves, 20 de agosto",,,
,MEDIODÍA,N°,Rev,MR
,,62,-,83
,TARDE,N°,Rev,MR
,,5,R,6
,NOCHE,N°,Rev,MR
,,0,-,91
,"Miércoles, 19 de agosto",,,
,MEDIODÍA,N°,Rev,MR
,,49,-,41
,TARDE,N°,Rev,MR
,,16,-,75
,NOCHE,N°,Rev,MR
,,0,R,6
,"Martes, 18 de agosto",,,
,MEDIODÍA,N°,Rev,MR
,,29,-,2
,TARDE,N°,Rev,MR
,,89,R,3
,NOCHE,N°,Rev,MR
,,93,-,1
,"Lunes, 17 de agosto",,,
,MEDIODÍA,N°,Rev,MR
,,4,R,50
,TARDE,N°,Rev,MR
,,50,R,50
,NOCHE,N°,Rev,MR
,,27,R,14
,"Domingo, 16 de agosto",,,
,MEDIODÍA,N°,Rev,MR
,,54,-,38
,TARDE,N°,Rev,MR
,,61,-,76
,NOCHE,N°,Rev,MR
,,12,-,24
,"Sábado, 15 de agosto",,,
,MEDIODÍA,N°,Rev,MR
,,39,-,2
,TARDE,N°,Rev,MR
,,28,R,12
,NOCHE,N°,Rev,MR
,,41,R,66
,"Viernes, 14 de agosto",,,
,MEDIODÍA,N°,Rev,MR
,,55,-,19
,TARDE,N°,Rev,MR
,,9,R,72
,NOCHE,N°,Rev,MR
,,68,-,23
,"Jueves, 13 de agosto",,,
,MEDIODÍA,N°,Rev,MR
,,89,R,2
,TARDE,N°,Rev,MR
,,91,-,13
,NOCHE,N°,Rev,MR
,,86,R,45
,"Miércoles, 12 de agosto",,,
,MEDIODÍA,N°,Rev,MR
,,65,-,80
,TARDE,N°,Rev,MR
,,61,-,46
,NOCHE,N°,Rev,MR
,,6,-,56
,"Martes, 11 de agosto",,,
,MEDIODÍA,N°,Rev,MR
,,9,-,75
,TARDE,N°,Rev,MR
,,66,-,84
,NOCHE,N°,Rev,MR
,,30,-,47
,"Lunes, 10 de agosto",,,
,MEDIODÍA,N°,Rev,MR
,,85,-,54
,TARDE,N°,Rev,MR
,,80,-,5
,NOCHE,N°,Rev,MR
,,97,-,18
,"Domingo, 9 de agosto",,,
,MEDIODÍA,N°,Rev,MR
,,77,R,13
,TARDE,N°,Rev,MR
,,20,-,12
,NOCHE,N°,Rev,MR
,,16,-,24
,"Sábado, 8 de agosto",,,
,MEDIODÍA,N°,Rev,MR
,,35,-,83
,TARDE,N°,Rev,MR
,,92,-,57
,NOCHE,N°,Rev,MR
,,28,-,98
,"Viernes, 7 de agosto",,,
,MEDIODÍA,N°,Rev,MR
,,85,-,0
,TARDE,N°,Rev,MR
,,78,R,75
,NOCHE,N°,Rev,MR
,,59,-,38
,"Jueves, 6 de agosto",,,
,MEDIODÍA,N°,Rev,MR
,,43,R,79
,TARDE,N°,Rev,MR
,,16,-,91
,NOCHE,N°,Rev,MR
,,91,-,12
,"Miércoles, 5 de agosto",,,
,MEDIODÍA,N°,Rev,MR
,,31,-,75
,TARDE,N°,Rev,MR
,,67,-,59
,NOCHE,N°,Rev,MR
,,80,-,40
,"Martes, 4 de agosto",,,
,MEDIODÍA,N°,Rev,MR
,,30,-,54
,TARDE,N°,Rev,MR
,,40,-,59
,NOCHE,N°,Rev,MR
,,71,-,3
,"Lunes, 3 de agosto",,,
,MEDIODÍA,N°,Rev,MR
,,82,R,16
,TARDE,N°,Rev,MR
,,90,R,17
,NOCHE,N°,Rev,MR
,,17,-,67
,"Domingo, 2 de agosto",,,
,MEDIODÍA,N°,Rev,MR
,,59,R,7
,TARDE,N°,Rev,MR
,,62,-,86
,NOCHE,N°,Rev,MR
,,7,-,60
,"Sábado, 1 de agosto",,,
,MEDIODÍA,N°,Rev,MR
,,9,-,63
,TARDE,N°,Rev,MR
,,63,R,86
,NOCHE,N°,Rev,MR
,,11,-,47
,"Viernes, 31 de julio",,,
,MEDIODÍA,N°,Rev,MR
,,56,-,10
,TARDE,N°,Rev,MR
,,78,-,51
,NOCHE,N°,Rev,MR
,,96,R,49
,"Jueves, 30 de julio",,,
,MEDIODÍA,N°,Rev,MR
,,42,-,1
,TARDE,N°,Rev,MR
,,3,-,27
,NOCHE,N°,Rev,MR
,,66,-,81
,"Miércoles, 29 de julio",,,
,MEDIODÍA,N°,Rev,MR
,,72,R,12
,TARDE,N°,Rev,MR
,,23,R,17
,NOCHE,N°,Rev,MR
,,23,-,66
,"Martes, 28 de julio",,,
,MEDIODÍA,N°,Rev,MR
,,75,R,93
,TARDE,N°,Rev,MR
,,23,-,71
,NOCHE,N°,Rev,MR
,,61,R,46
,"Lunes, 27 de julio",,,
,MEDIODÍA,N°,Rev,MR
,,38,R,36
,TARDE,N°,Rev,MR
,,47,-,85
,NOCHE,N°,Rev,MR
,,96,R,37
,"Domingo, 26 de julio",,,
,MEDIODÍA,N°,Rev,MR
,,76,-,52
,TARDE,N°,Rev,MR
,,27,-,18
,NOCHE,N°,Rev,MR
,,67,R,30
,"Sábado, 25 de julio",,,
,MEDIODÍA,N°,Rev,MR
,,64,R,84
,TARDE,N°,Rev,MR
,,24,R,33
,NOCHE,N°,Rev,MR
,,77,-,25
,"Viernes, 24 de julio",,,
,MEDIODÍA,N°,Rev,MR
,,25,-,99
,TARDE,N°,Rev,MR
,,28,R,71
,NOCHE,N°,Rev,MR
,,38,-,51
,"Jueves, 23 de julio",,,
,MEDIODÍA,N°,Rev,MR
,,52,-,84
,TARDE,N°,Rev,MR
,,90,R,76
,NOCHE,N°,Rev,MR
,,83,R,39
,"Miércoles, 22 de julio",,,
,MEDIODÍA,N°,Rev,MR
,,75,-,43
,TARDE,N°,Rev,MR
,,6,-,77
,NOCHE,N°,Rev,MR
,,36,-,67
,"Martes, 21 de julio",,,
,MEDIODÍA,N°,Rev,MR
,,30,-,8
,TARDE,N°,Rev,MR
,,72,R,68
,NOCHE,N°,Rev,MR
,,10,-,48
,"Lunes, 20 de julio",,,
,MEDIODÍA,N°,Rev,MR
,,82,-,26
,TARDE,N°,Rev,MR
,,2,-,51
,NOCHE,N°,Rev,MR
,,3,-,68
,"Domingo, 19 de julio",,,
,MEDIODÍA,N°,Rev,MR
,,62,R,62
,TARDE,N°,Rev,MR
,,43,-,26
,NOCHE,N°,Rev,MR
,,73,-,13
,"Sábado, 18 de julio",,,
,MEDIODÍA,N°,Rev,MR
,,4,-,4
,TARDE,N°,Rev,MR
,,78,-,88
,NOCHE,N°,Rev,MR
,,6,-,73
,"Viernes, 17 de julio",,,
,MEDIODÍA,N°,Rev,MR
,,29,-,34
,TARDE,N°,Rev,MR
,,88,-,7
,NOCHE,N°,Rev,MR
,,20,-,6
,"Jueves, 16 de julio",,,
,MEDIODÍA,N°,Rev,MR
,,7,-,60
,TARDE,N°,Rev,MR
,,51,-,36
,NOCHE,N°,Rev,MR
,,4,R,7
,"Miércoles, 15 de julio",,,
,MEDIODÍA,N°,Rev,MR
,,27,R,24
,TARDE,N°,Rev,MR
,,63,-,16
,NOCHE,N°,Rev,MR
,,98,-,57
,"Martes, 14 de julio",,,
,MEDIODÍA,N°,Rev,MR
,,51,-,96
,TARDE,N°,Rev,MR
,,26,R,15
,NOCHE,N°,Rev,MR
,,99,R,76
,"Lunes, 13 de julio",,,
,MEDIODÍA,N°,Rev,MR
,,93,R,61
,TARDE,N°,Rev,MR
,,92,R,53
,NOCHE,N°,Rev,MR
,,33,R,88
,"Domingo, 12 de julio",,,
,MEDIODÍA,N°,Rev,MR
,,91,R,19
,TARDE,N°,Rev,MR
,,83,-,85
,NOCHE,N°,Rev,MR
,,80,R,59
,"Sábado, 11 de julio",,,
,MEDIODÍA,N°,Rev,MR
,,36,R,30
,TARDE,N°,Rev,MR
,,58,R,97
,NOCHE,N°,Rev,MR
,,70,-,31
,"Viernes, 10 de julio",,,
,MEDIODÍA,N°,Rev,MR
,,78,-,14
,TARDE,N°,Rev,MR
,,58,-,14
,NOCHE,N°,Rev,MR
,,34,-,43
,"Jueves, 9 de julio",,,
,MEDIODÍA,N°,Rev,MR
,,13,-,3
,TARDE,N°,Rev,MR
,,18,-,64
,NOCHE,N°,Rev,MR
,,53,-,54
,"Miércoles, 8 de julio",,,
,MEDIODÍA,N°,Rev,MR
,,12,R,52
,TARDE,N°,Rev,MR
,,92,R,47
,NOCHE,N°,Rev,MR
,,71,-,67
,"Martes, 7 de julio",,,
,MEDIODÍA,N°,Rev,MR
,,34,R,98
,TARDE,N°,Rev,MR
,,88,-,63
,NOCHE,N°,Rev,MR
,,48,R,15
,"Lunes, 6 de julio",,,
,MEDIODÍA,N°,Rev,MR
,,38,-,3
,TARDE,N°,Rev,MR
,,36,-,45
,NOCHE,N°,Rev,MR
,,58,-,27
,"Domingo, 5 de julio",,,
,MEDIODÍA,N°,Rev,MR
,,4,-,57
,TARDE,N°,Rev,MR
,,11,-,33
,NOCHE,N°,Rev,MR
,,79,-,3
,"Sábado, 4 de julio",,,
,MEDIODÍA,N°,Rev,MR
,,83,-,0
,TARDE,N°,Rev,MR
,,91,-,64
,NOCHE,N°,Rev,MR
,,8,R,11
,"Viernes, 3 de julio",,,
,MEDIODÍA,N°,Rev,MR
,,96,R,78
,TARDE,N°,Rev,MR
,,40,R,65
,NOCHE,N°,Rev,MR
,,17,-,91
,"Jueves, 2 de julio",,,
,MEDIODÍA,N°,Rev,MR
,,78,-,3
,TARDE,N°,Rev,MR
,,2,-,24
,NOCHE,N°,Rev,MR
,,54,-,79
,"Miércoles, 1 de julio",,,
,MEDIODÍA,N°,Rev,MR
,,67,-,68
,TARDE,N°,Rev,MR
,,33,R,95
,NOCHE,N°,Rev,MR
,,63,-,14
,"Martes, 30 de junio",,,
,MEDIODÍA,N°,Rev,MR
,,97,R,54
,TARDE,N°,Rev,MR
,,34,-,26
,NOCHE,N°,Rev,MR
,,84,-,19
,"Lunes, 29 de junio",,,
,MEDIODÍA,N°,Rev,MR
,,45,R,14
,TARDE,N°,Rev,MR
,,69,-,30
,NOCHE,N°,Rev,MR
,,89,R,87
,"Domingo, 28 de junio",,,
,MEDIODÍA,N°,Rev,MR
,,21,-,86
,TARDE,N°,Rev,MR
,,48,-,39
,NOCHE,N°,Rev,MR
,,11,-,93
,"Sábado, 27 de junio",,,
,MEDIODÍA,N°,Rev,MR
,,33,-,26
,TARDE,N°,Rev,MR
,,69,-,90
,NOCHE,N°,Rev,MR
,,72,-,70
,"Viernes, 26 de junio",,,
,MEDIODÍA,N°,Rev,MR
,,99,-,33
,TARDE,N°,Rev,MR
,,61,-,72
,NOCHE,N°,Rev,MR
,,59,-,67
,"Jueves, 25 de junio",,,
,MEDIODÍA,N°,Rev,MR
,,96,R,81
,TARDE,N°,Rev,MR
,,93,-,30
,NOCHE,N°,Rev,MR
,,41,R,78
,"Miércoles, 24 de junio",,,
,MEDIODÍA,N°,Rev,MR
,,81,R,23
,TARDE,N°,Rev,MR
,,20,-,61
,NOCHE,N°,Rev,MR
,,95,-,23
,"Martes, 23 de junio",,,
,MEDIODÍA,N°,Rev,MR
,,84,R,3
,TARDE,N°,Rev,MR
,,12,R,74
,NOCHE,N°,Rev,MR
,,30,-,58
,"Lunes, 22 de junio",,,
,MEDIODÍA,N°,Rev,MR
,,75,R,76
,TARDE,N°,Rev,MR
,,73,R,3
,NOCHE,N°,Rev,MR
,,47,-,5
,"Domingo, 21 de junio",,,
,MEDIODÍA,N°,Rev,MR
,,40,-,9
,TARDE,N°,Rev,MR
,,19,R,67
,NOCHE,N°,Rev,MR
,,70,-,55
,"Sábado, 20 de junio",,,
,MEDIODÍA,N°,Rev,MR
,,28,R,5
,TARDE,N°,Rev,MR
,,1,-,29
,NOCHE,N°,Rev,MR
,,46,-,71
,"Viernes, 19 de junio",,,
,MEDIODÍA,N°,Rev,MR
,,52,R,29
,TARDE,N°,Rev,MR
,,44,R,41
,NOCHE,N°,Rev,MR
,,93,-,67
,"Jueves, 18 de junio",,,
,MEDIODÍA,N°,Rev,MR
,,69,-,59
,TARDE,N°,Rev,MR
,,48,-,69
,NOCHE,N°,Rev,MR
,,21,-,53
,"Miércoles, 17 de junio",,,
,MEDIODÍA,N°,Rev,MR
,,31,-,34
,TARDE,N°,Rev,MR
,,31,R,85
,NOCHE,N°,Rev,MR
,,14,-,1
,"Martes, 16 de junio",,,
,MEDIODÍA,N°,Rev,MR
,,37,R,78
,TARDE,N°,Rev,MR
,,37,R,79
,NOCHE,N°,Rev,MR
,,39,-,83
,"Lunes, 15 de junio",,,
,MEDIODÍA,N°,Rev,MR
,,63,-,64
,TARDE,N°,Rev,MR
,,65,R,6
,NOCHE,N°,Rev,MR
,,12,-,5
,"Domingo, 14 de junio",,,
,MEDIODÍA,N°,Rev,MR
,,64,R,32
,TARDE,N°,Rev,MR
,,29,R,0
,NOCHE,N°,Rev,MR
,,63,-,58
,"Sábado, 13 de junio",,,
,MEDIODÍA,N°,Rev,MR
,,42,-,94
,TARDE,N°,Rev,MR
,,29,-,37
,NOCHE,N°,Rev,MR
,,59,-,47
,"Viernes, 12 de junio",,,
,MEDIODÍA,N°,Rev,MR
,,56,-,68
,TARDE,N°,Rev,MR
,,7,-,37
,NOCHE,N°,Rev,MR
,,93,-,17
,"Jueves, 11 de junio",,,
,MEDIODÍA,N°,Rev,MR
,,84,-,29
,TARDE,N°,Rev,MR
,,3,-,80
,NOCHE,N°,Rev,MR
,,29,-,32
,"Miércoles, 10 de junio",,,
,MEDIODÍA,N°,Rev,MR
,,95,R,45
,TARDE,N°,Rev,MR
,,0,-,50
,NOCHE,N°,Rev,MR
,,8,-,28
,"Martes, 9 de junio",,,
,MEDIODÍA,N°,Rev,MR
,,7,-,35
,TARDE,N°,Rev,MR
,,86,-,65
,NOCHE,N°,Rev,MR
,,12,R,47
,"Lunes, 8 de junio",,,
,MEDIODÍA,N°,Rev,MR
,,73,-,66
,TARDE,N°,Rev,MR
,,56,R,84
,NOCHE,N°,Rev,MR
,,84,-,8
,"Domingo, 7 de junio",,,
,MEDIODÍA,N°,Rev,MR
,,70,R,33
,TARDE,N°,Rev,MR
,,81,R,57
,NOCHE,N°,Rev,MR
,,91,-,46
,"Sábado, 6 de junio",,,
,MEDIODÍA,N°,Rev,MR
,,27,R,75
,TARDE,N°,Rev,MR
,,78,R,55
,NOCHE,N°,Rev,MR
,,62,-,27
,"Viernes, 5 de junio",,,
,MEDIODÍA,N°,Rev,MR
,,42,-,73
,TARDE,N°,Rev,MR
,,13,-,0
,NOCHE,N°,Rev,MR
,,96,R,99
,"Jueves, 4 de junio",,,
,MEDIODÍA,N°,Rev,MR
,,11,-,85
,TARDE,N°,Rev,MR
,,95,-,85
,NOCHE,N°,Rev,MR
,,63,R,94
,"Miércoles, 3 de junio",,,
,MEDIODÍA,N°,Rev,MR
,,54,-,28
,TARDE,N°,Rev,MR
,,4,-,7
,NOCHE,N°,Rev,MR
,,81,-,8
,"Martes, 2 de junio",,,
,MEDIODÍA,N°,Rev,MR
,,24,-,6
,TARDE,N°,Rev,MR
,,88,-,92
,NOCHE,N°,Rev,MR
,,58,R,37
,"Lunes, 1 de junio",,,
,MEDIODÍA,N°,Rev,MR
,,7,-,28
,TARDE,N°,Rev,MR
,,78,-,55
,NOCHE,N°,Rev,MR
,,42,-,7
,"Domingo, 31 de mayo",,,
,MEDIODÍA,N°,Rev,MR
,,79,R,95
,TARDE,N°,Rev,MR
,,35,R,92
,NOCHE,N°,Rev,MR
,,29,R,1
,"Sábado, 30 de mayo",,,
,MEDIODÍA,N°,Rev,MR
,,4,-,64
,TARDE,N°,Rev,MR
,,83,-,63
,NOCHE,N°,Rev,MR
,,32,-,18
,"Viernes, 29 de mayo",,,
,MEDIODÍA,N°,Rev,MR
,,94,-,98
,TARDE,N°,Rev,MR
,,71,-,79
,NOCHE,N°,Rev,MR
,,30,-,26
,"Jueves, 28 de mayo",,,
,MEDIODÍA,N°,Rev,MR
,,11,-,44
,TARDE,N°,Rev,MR
,,98,-,42
,NOCHE,N°,Rev,MR
,,45,-,36
,"Miércoles, 27 de mayo",,,
,MEDIODÍA,N°,Rev,MR
,,24,R,91
,TARDE,N°,Rev,MR
,,57,-,1
,NOCHE,N°,Rev,MR
,,10,R,59
,"Martes, 26 de mayo",,,
,MEDIODÍA,N°,Rev,MR
,,46,-,36
,TARDE,N°,Rev,MR
,,49,R,11
,NOCHE,N°,Rev,MR
,,53,-,10
,"Lunes, 25 de mayo",,,
,MEDIODÍA,N°,Rev,MR
,,0,-,40
,TARDE,N°,Rev,MR
,,29,-,35
,NOCHE,N°,Rev,MR
,,30,R,74
,"Domingo, 24 de mayo",,,
,MEDIODÍA,N°,Rev,MR
,,39,-,2
,TARDE,N°,Rev,MR
,,36,-,13
,NOCHE,N°,Rev,MR
,,5,-,67
,"Sábado, 23 de mayo",,,
,MEDIODÍA,N°,Rev,MR
,,97,-,46
,TARDE,N°,Rev,MR
,,2,R,1
,NOCHE,N°,Rev,MR
,,54,-,57
,"Viernes, 22 de mayo",,,
,MEDIODÍA,N°,Rev,MR
,,6,-,83
,TARDE,N°,Rev,MR
,,66,R,70
,NOCHE,N°,Rev,MR
,,56,-,29
,"Jueves, 21 de mayo",,,
,MEDIODÍA,N°,Rev,MR
,,83,-,70
,TARDE,N°,Rev,MR
,,75,R,81
,NOCHE,N°,Rev,MR
,,21,R,39
,"Miércoles, 20 de mayo",,,
,MEDIODÍA,N°,Rev,MR
,,3,R,51
,TARDE,N°,Rev,MR
,,44,-,98
,NOCHE,N°,Rev,MR
,,95,-,80
,"Martes, 19 de mayo",,,
,MEDIODÍA,N°,Rev,MR
,,6,-,0
,TARDE,N°,Rev,MR
,,6,-,54
,NOCHE,N°,Rev,MR
,,24,R,0
,"Lunes, 18 de mayo",,,
,MEDIODÍA,N°,Rev,MR
,,27,-,84
,TARDE,N°,Rev,MR
,,86,R,69
,NOCHE,N°,Rev,MR
,,49,R,1
,"Domingo, 17 de mayo",,,
,MEDIODÍA,N°,Rev,MR
,,90,R,78
,TARDE,N°,Rev,MR
,,89,R,52
,NOCHE,N°,Rev,MR
,,85,R,81
,"Sábado, 16 de mayo",,,
,MEDIODÍA,N°,Rev,MR
,,56,-,30
,TARDE,N°,Rev,MR
,,71,R,12
,NOCHE,N°,Rev,MR
,,61,-,63
,"Viernes, 15 de mayo",,,
,MEDIODÍA,N°,Rev,MR
,,68,-,4
,TARDE,N°,Rev,MR
,,86,-,57
,NOCHE,N°,Rev,MR
,,82,R,42
,"Jueves, 14 de mayo",,,
,MEDIODÍA,N°,Rev,MR
,,30,-,19
,TARDE,N°,Rev,MR
,,78,R,91
,NOCHE,N°,Rev,MR
,,1,-,28
,"Miércoles, 13 de mayo",,,
,MEDIODÍA,N°,Rev,MR
,,72,R,43
,TARDE,N°,Rev,MR
,,71,-,68
,NOCHE,N°,Rev,MR
,,14,-,49
,"Martes, 12 de mayo",,,
,MEDIODÍA,N°,Rev,MR
,,40,R,22
,TARDE,N°,Rev,MR
,,97,-,1
,NOCHE,N°,Rev,MR
,,68,-,40
,"Lunes, 11 de mayo",,,
,MEDIODÍA,N°,Rev,MR
,,21,R,81
,TARDE,N°,Rev,MR
,,83,R,41
,NOCHE,N°,Rev,MR
,,61,-,9
,"Domingo, 10 de mayo",,,
,MEDIODÍA,N°,Rev,MR
,,50,-,47
,TARDE,N°,Rev,MR
,,15,R,29
,NOCHE,N°,Rev,MR
,,92,R,99
,"Sábado, 9 de mayo",,,
,MEDIODÍA,N°,Rev,MR
,,51,-,63
,TARDE,N°,Rev,MR
,,29,R,90
,NOCHE,N°,Rev,MR
,,10,R,91
,"Viernes, 8 de mayo",,,
,MEDIODÍA,N°,Rev,MR
,,66,R,88
,TARDE,N°,Rev,MR
,,85,-,72
,NOCHE,N°,Rev,MR
,,92,-,61
,"Jueves, 7 de mayo",,,
,MEDIODÍA,N°,Rev,MR
,,87,-,76
,TARDE,N°,Rev,MR
,,63,R,34
,NOCHE,N°,Rev,MR
,,9,R,48
,"Miércoles, 6 de mayo",,,
,MEDIODÍA,N°,Rev,MR
,,59,R,16
,TARDE,N°,Rev,MR
,,99,-,61
,NOCHE,N°,Rev,MR
,,68,R,60
,"Martes, 5 de mayo",,,
,MEDIODÍA,N°,Rev,MR
,,76,-,3
,TARDE,N°,Rev,MR
,,18,-,24
,NOCHE,N°,Rev,MR
,,2,-,52
,"Lunes, 4 de mayo",,,
,MEDIODÍA,N°,Rev,MR
,,0,-,11
,TARDE,N°,Rev,MR
,,97,-,80
,NOCHE,N°,Rev,MR
,,52,-,78
,"Domingo, 3 de mayo",,,
,MEDIODÍA,N°,Rev,MR
,,77,-,70
,TARDE,N°,Rev,MR
,,23,R,13
,NOCHE,N°,Rev,MR
,,16,-,20
,"Sábado, 2 de mayo",,,
,MEDIODÍA,N°,Rev,MR
,,2,-,85
,TARDE,N°,Rev,MR
,,50,-,54
,NOCHE,N°,Rev,MR
,,30,-,25
,"Viernes, 1 de mayo",,,
,MEDIODÍA,N°,Rev,MR
,,69,-,88
,TARDE,N°,Rev,MR
,,36,-,80
,NOCHE,N°,Rev,MR
,,18,-,6
,"Jueves, 30 de abril",,,
,MEDIODÍA,N°,Rev,MR
,,86,R,51
,TARDE,N°,Rev,MR
,,12,-,32
,NOCHE,N°,Rev,MR
,,43,-,71
,"Miércoles, 29 de abril",,,
,MEDIODÍA,N°,Rev,MR
,,41,R,62
,TARDE,N°,Rev,MR
,,17,R,61
,NOCHE,N°,Rev,MR
,,12,R,20
,"Martes, 28 de abril",,,
,MEDIODÍA,N°,Rev,MR
,,2,-,7
,TARDE,N°,Rev,MR
,,46,-,40
,NOCHE,N°,Rev,MR
,,2,R,42
,"Lunes, 27 de abril",,,
,MEDIODÍA,N°,Rev,MR
,,82,-,48
,TARDE,N°,Rev,MR
,,66,-,50
,NOCHE,N°,Rev,MR
,,96,-,28
,"Domingo, 26 de abril",,,
,MEDIODÍA,N°,Rev,MR
,,50,R,48
,TARDE,N°,Rev,MR
,,64,-,49
,NOCHE,N°,Rev,MR
,,96,-,23
,"Sábado, 25 de abril",,,
,MEDIODÍA,N°,Rev,MR
,,31,R,30
,TARDE,N°,Rev,MR
,,40,R,17
,NOCHE,N°,Rev,MR
,,69,R,73
,"Viernes, 24 de abril",,,
,MEDIODÍA,N°,Rev,MR
,,64,R,14
,TARDE,N°,Rev,MR
,,26,R,42
,NOCHE,N°,Rev,MR
,,32,R,4
,"Jueves, 23 de abril",,,
,MEDIODÍA,N°,Rev,MR
,,33,-,5
,TARDE,N°,Rev,MR
,,65,-,90
,NOCHE,N°,Rev,MR
,,83,-,55
,"Miércoles, 22 de abril",,,
,MEDIODÍA,N°,Rev,MR
,,25,-,35
,TARDE,N°,Rev,MR
,,69,R,54
,NOCHE,N°,Rev,MR
,,23,-,94
,"Martes, 21 de abril",,,
,MEDIODÍA,N°,Rev,MR
,,43,-,96
,TARDE,N°,Rev,MR
,,33,-,2
,NOCHE,N°,Rev,MR
,,73,R,49
,"Lunes, 20 de abril",,,
,MEDIODÍA,N°,Rev,MR
,,58,R,97
,TARDE,N°,Rev,MR
,,43,-,11
,NOCHE,N°,Rev,MR
,,5,R,34
,"Domingo, 19 de abril",,,
,MEDIODÍA,N°,Rev,MR
,,85,-,17
,TARDE,N°,Rev,MR
,,47,-,99
,NOCHE,N°,Rev,MR
,,77,-,41
,"Sábado, 18 de abril",,,
,MEDIODÍA,N°,Rev,MR
,,73,R,67
,TARDE,N°,Rev,MR
,,92,-,81
,NOCHE,N°,Rev,MR
,,24,-,10
,"Viernes, 17 de abril",,,
,MEDIODÍA,N°,Rev,MR
,,49,-,53
,TARDE,N°,Rev,MR
,,88,-,21
,NOCHE,N°,Rev,MR
,,20,R,35
,"Jueves, 16 de abril",,,
,MEDIODÍA,N°,Rev,MR
,,63,R,50
,TARDE,N°,Rev,MR
,,47,-,68
,NOCHE,N°,Rev,MR
,,18,-,77
,"Miércoles, 15 de abril",,,
,MEDIODÍA,N°,Rev,MR
,,50,-,44
,TARDE,N°,Rev,MR
,,2,-,80
,NOCHE,N°,Rev,MR
,,12,R,67
,"Martes, 14 de abril",,,
,MEDIODÍA,N°,Rev,MR
,,26,-,24
,TARDE,N°,Rev,MR
,,68,-,58
,NOCHE,N°,Rev,MR
,,62,R,66
,"Lunes, 13 de abril",,,
,MEDIODÍA,N°,Rev,MR
,,54,R,52
,TARDE,N°,Rev,MR
,,68,R,9
,NOCHE,N°,Rev,MR
,,91,-,85
,"Domingo, 12 de abril",,,
,MEDIODÍA,N°,Rev,MR
,,47,-,94
,TARDE,N°,Rev,MR
,,46,R,86
,NOCHE,N°,Rev,MR
,,81,-,8
,"Sábado, 11 de abril",,,
,MEDIODÍA,N°,Rev,MR
,,20,-,99
,TARDE,N°,Rev,MR
,,68,-,96
,NOCHE,N°,Rev,MR
,,80,-,75
,"Viernes, 10 de abril",,,
,MEDIODÍA,N°,Rev,MR
,,8,-,81
,TARDE,N°,Rev,MR
,,96,-,20
,NOCHE,N°,Rev,MR
,,27,-,91
,"Jueves, 9 de abril",,,
,MEDIODÍA,N°,Rev,MR
,,54,R,14
,TARDE,N°,Rev,MR
,,69,-,55
,NOCHE,N°,Rev,MR
,,12,R,82
,"Miércoles, 8 de abril",,,
,MEDIODÍA,N°,Rev,MR
,,71,-,12
,TARDE,N°,Rev,MR
,,61,-,32
,NOCHE,N°,Rev,MR
,,76,R,53
,"Martes, 7 de abril",,,
,MEDIODÍA,N°,Rev,MR
,,42,-,4
,TARDE,N°,Rev,MR
,,98,-,41
,NOCHE,N°,Rev,MR
,,16,-,31
,"Lunes, 6 de abril",,,
,MEDIODÍA,N°,Rev,MR
,,48,R,78
,TARDE,N°,Rev,MR
,,17,R,66
,NOCHE,N°,Rev,MR
,,85,-,77
,"Miércoles, 1 de abril",,,
,MEDIODÍA,N°,Rev,MR
,,59,-,62
,TARDE,N°,Rev,MR
,,74,-,62
,NOCHE,N°,Rev,MR
,,16,-,70
,"Martes, 31 de marzo",,,
,MEDIODÍA,N°,Rev,MR
,,55,-,20
,TARDE,N°,Rev,MR
,,8,-,98
,NOCHE,N°,Rev,MR
,,78,-,93
,"Lunes, 30 de marzo",,,
,MEDIODÍA,N°,Rev,MR
,,45,-,68
,TARDE,N°,Rev,MR
,,11,-,32
,NOCHE,N°,Rev,MR
,,17,-,52
,"Domingo, 29 de marzo",,,
,MEDIODÍA,N°,Rev,MR
,,14,R,2
,TARDE,N°,Rev,MR
,,33,R,21
,NOCHE,N°,Rev,MR
,,46,-,73
,"Sábado, 28 de marzo",,,
,MEDIODÍA,N°,Rev,MR
,,62,-,32
,TARDE,N°,Rev,MR
,,46,-,22
,NOCHE,N°,Rev,MR
,,42,R,50
,"Viernes, 27 de marzo",,,
,MEDIODÍA,N°,Rev,MR
,,7,-,61
,TARDE,N°,Rev,MR
,,23,-,46
,NOCHE,N°,Rev,MR
,,28,R,56
,"Jueves, 26 de marzo",,,
,MEDIODÍA,N°,Rev,MR
,,6,R,97
,TARDE,N°,Rev,MR
,,58,R,7
,NOCHE,N°,Rev,MR
,,1,R,60
,"Miércoles, 25 de marzo",,,
,MEDIODÍA,N°,Rev,MR
,,9,-,32
,TARDE,N°,Rev,MR
,,14,-,58
,NOCHE,N°,Rev,MR
,,72,-,7
,"Martes, 24 de marzo",,,
,MEDIODÍA,N°,Rev,MR
,,71,-,91
,TARDE,N°,Rev,MR
,,71,-,26
,NOCHE,N°,Rev,MR
,,37,R,87
,"Lunes, 23 de marzo",,,
,MEDIODÍA,N°,Rev,MR
,,4,R,61
,TARDE,N°,Rev,MR
,,25,-,19
,NOCHE,N°,Rev,MR
,,99,-,93
,"Domingo, 22 de marzo",,,
,MEDIODÍA,N°,Rev,MR
,,13,-,54
,TARDE,N°,Rev,MR
,,22,-,70
,NOCHE,N°,Rev,MR
,,14,R,42
,"Sábado, 21 de marzo",,,
,MEDIODÍA,N°,Rev,MR
,,77,R,25
,TARDE,N°,Rev,MR
,,53,-,79
,NOCHE,N°,Rev,MR
,,48,-,42
,"Viernes, 20 de marzo",,,
,MEDIODÍA,N°,Rev,MR
,,77,-,31
,TARDE,N°,Rev,MR
,,21,-,76
,NOCHE,N°,Rev,MR
,,22,-,92
,"Jueves, 19 de marzo",,,
,MEDIODÍA,N°,Rev,MR
,,41,R,70
,TARDE,N°,Rev,MR
,,41,R,79
,NOCHE,N°,Rev,MR
,,49,R,35
,"Miércoles, 18 de marzo",,,
,MEDIODÍA,N°,Rev,MR
,,29,R,37
,TARDE,N°,Rev,MR
,,86,-,67
,NOCHE,N°,Rev,MR
,,15,-,32
,"Martes, 17 de marzo",,,
,MEDIODÍA,N°,Rev,MR
,,55,R,30
,TARDE,N°,Rev,MR
,,88,R,55
,NOCHE,N°,Rev,MR
,,66,R,94
,"Lunes, 16 de marzo",,,
,MEDIODÍA,N°,Rev,MR
,,97,R,15
,TARDE,N°,Rev,MR
,,33,R,38
,NOCHE,N°,Rev,MR
,,22,R,64
,"Domingo, 15 de marzo",,,
,MEDIODÍA,N°,Rev,MR
,,69,R,35
,TARDE,N°,Rev,MR
,,99,-,35
,NOCHE,N°,Rev,MR
,,72,-,40
,"Sábado, 14 de marzo",,,
,MEDIODÍA,N°,Rev,MR
,,82,-,41
,TARDE,N°,Rev,MR
,,6,R,69
,NOCHE,N°,Rev,MR
,,7,R,95
,"Viernes, 13 de marzo",,,
,MEDIODÍA,N°,Rev,MR
,,99,R,2
,TARDE,N°,Rev,MR
,,76,-,60
,NOCHE,N°,Rev,MR
,,8,-,60
,"Jueves, 12 de marzo",,,
,MEDIODÍA,N°,Rev,MR
,,23,R,84
,TARDE,N°,Rev,MR
,,43,R,64
,NOCHE,N°,Rev,MR
,,28,R,50
,"Miércoles, 11 de marzo",,,
,MEDIODÍA,N°,Rev,MR
,,63,-,72
,TARDE,N°,Rev,MR
,,12,-,95
,NOCHE,N°,Rev,MR
,,2,-,64
,"Martes, 10 de marzo",,,
,MEDIODÍA,N°,Rev,MR
,,51,-,37
,TARDE,N°,Rev,MR
,,46,-,96
,NOCHE,N°,Rev,MR
,,31,R,5
,"Lunes, 9 de marzo",,,
,MEDIODÍA,N°,Rev,MR
,,14,-,79
,TARDE,N°,Rev,MR
,,97,-,40
,NOCHE,N°,Rev,MR
,,91,R,40
,"Domingo, 8 de marzo",,,
,MEDIODÍA,N°,Rev,MR
,,90,R,99
,TARDE,N°,Rev,MR
,,93,-,30
,NOCHE,N°,Rev,MR
,,39,-,30
,"Sábado, 7 de marzo",,,
,MEDIODÍA,N°,Rev,MR
,,24,-,98
,TARDE,N°,Rev,MR
,,94,-,50
,NOCHE,N°,Rev,MR
,,90,R,88
,"Viernes, 6 de marzo",,,
,MEDIODÍA,N°,Rev,MR
,,10,R,79
,TARDE,N°,Rev,MR
,,91,-,40
,NOCHE,N°,Rev,MR
,,1,-,44
,"Jueves, 5 de marzo",,,
,MEDIODÍA,N°,Rev,MR
,,90,R,42
,TARDE,N°,Rev,MR
,,99,R,40
,NOCHE,N°,Rev,MR
,,93,R,42
,"Miércoles, 4 de marzo",,,
,MEDIODÍA,N°,Rev,MR
,,98,-,99
,TARDE,N°,Rev,MR
,,92,R,14
,NOCHE,N°,Rev,MR
,,99,R,94
,"Martes, 3 de marzo",,,
,MEDIODÍA,N°,Rev,MR
,,30,R,71
,TARDE,N°,Rev,MR
,,79,R,40
,NOCHE,N°,Rev,MR
,,85,R,54
,"Lunes, 2 de marzo",,,
,MEDIODÍA,N°,Rev,MR
,,63,R,19
,TARDE,N°,Rev,MR
,,31,R,89
,NOCHE,N°,Rev,MR
,,4,R,32
,"Domingo, 1 de marzo",,,
,MEDIODÍA,N°,Rev,MR
,,88,-,69
,TARDE,N°,Rev,MR
,,16,R,41
,NOCHE,N°,Rev,MR
,,59,R,21
,"Sábado, 28 de febrero",,,
,MEDIODÍA,N°,Rev,MR
,,10,R,71
,TARDE,N°,Rev,MR
,,14,R,67
,NOCHE,N°,Rev,MR
,,80,R,68
,"Viernes, 27 de febrero",,,
,MEDIODÍA,N°,Rev,MR
,,18,R,76
,TARDE,N°,Rev,MR
,,59,-,62
,NOCHE,N°,Rev,MR
,,98,R,4
,"Jueves, 26 de febrero",,,
,MEDIODÍA,N°,Rev,MR
,,37,R,48
,TARDE,N°,Rev,MR
,,1,-,10
,NOCHE,N°,Rev,MR
,,91,R,32
,"Miércoles, 25 de febrero",,,
,MEDIODÍA,N°,Rev,MR
,,14,-,72
,TARDE,N°,Rev,MR
,,45,-,46
,NOCHE,N°,Rev,MR
,,64,R,38
,"Martes, 24 de febrero",,,
,MEDIODÍA,N°,Rev,MR
,,95,R,2
,TARDE,N°,Rev,MR
,,32,R,92
,NOCHE,N°,Rev,MR
,,33,-,82
,"Lunes, 23 de febrero",,,
,MEDIODÍA,N°,Rev,MR
,,4,-,83
,TARDE,N°,Rev,MR
,,99,-,15
,NOCHE,N°,Rev,MR
,,43,-,70
,"Domingo, 22 de febrero",,,
,MEDIODÍA,N°,Rev,MR
,,91,R,73
,TARDE,N°,Rev,MR
,,96,R,85
,NOCHE,N°,Rev,MR
,,0,-,44
,"Sábado, 21 de febrero",,,
,MEDIODÍA,N°,Rev,MR
,,24,-,94
,TARDE,N°,Rev,MR
,,97,-,54
,NOCHE,N°,Rev,MR
,,87,-,99
,"Viernes, 20 de febrero",,,
,MEDIODÍA,N°,Rev,MR
,,86,-,13
,TARDE,N°,Rev,MR
,,97,-,14
,NOCHE,N°,Rev,MR
,,21,R,30
,"Jueves, 19 de febrero",,,
,MEDIODÍA,N°,Rev,MR
,,53,R,45
,TARDE,N°,Rev,MR
,,20,R,94
,NOCHE,N°,Rev,MR
,,41,R,94
