,"Miércoles, 18 de Febrero",,,
,MEDIODÍA,N°,Rev,MR
,,20,-,97
,TARDE,N°,Rev,MR
,,12,R,41
,NOCHE,N°,Rev,MR
,,12,R,94
,"Martes, 17 de Febrero",,,
,MEDIODÍA,N°,Rev,MR
,,96,-,18
,TARDE,N°,Rev,MR
,,94,-,29
,NOCHE,N°,Rev,MR
,,70,-,86
,"Lunes, 16 de Febrero",,,
,MEDIODÍA,N°,Rev,MR
,,52,R,69
,TARDE,N°,Rev,MR
,,6,R,26
,NOCHE,N°,Rev,MR
,,35,R,88
,"Domingo, 15 de Febrero",,,
,MEDIODÍA,N°,Rev,MR
,,18,-,99
,TARDE,N°,Rev,MR
,,47,-,54
,NOCHE,N°,Rev,MR
,,32,-,86
,"Sábado, 14 de Febrero",,,
,MEDIODÍA,N°,Rev,MR
,,40,R,83
,TARDE,N°,Rev,MR
,,99,R,50
,NOCHE,N°,Rev,MR
,,52,R,38
,"Viernes, 13 de Febrero",,,
,MEDIODÍA,N°,Rev,MR
,,44,-,93
,TARDE,N°,Rev,MR
,,81,-,45
,NOCHE,N°,Rev,MR
,,91,-,65
,"Jueves, 12 de Febrero",,,
,MEDIODÍA,N°,Rev,MR
,,1,-,10
,TARDE,N°,Rev,MR
,,18,-,87
,NOCHE,N°,Rev,MR
,,25,R,4
,"Miércoles, 11 de Febrero",,,
,MEDIODÍA,N°,Rev,MR
,,71,R,70
,TARDE,N°,Rev,MR
,,30,R,75
,NOCHE,N°,Rev,MR
,,30,-,43
,"Martes, 10 de Febrero",,,
,MEDIODÍA,N°,Rev,MR
,,77,R,36
,TARDE,N°,Rev,MR
,,3,R,82
,NOCHE,N°,Rev,MR
,,7,R,56
,"Lunes, 9 de Febrero",,,
,MEDIODÍA,N°,Rev,MR
,,11,-,94
,TARDE,N°,Rev,MR
,,91,-,36
,NOCHE,N°,Rev,MR
,,8,-,5
,"Domingo, 8 de Febrero",,,
,MEDIODÍA,N°,Rev,MR
,,25,R,62
,TARDE,N°,Rev,MR
,,71,R,30
,NOCHE,N°,Rev,MR
,,99,-,44
,"Sábado, 7 de Febrero",,,
,MEDIODÍA,N°,Rev,MR
,,33,-,39
,TARDE,N°,Rev,MR
,,27,-,45
,NOCHE,N°,Rev,MR
,,69,R,85
,"Viernes, 6 de Febrero",,,
,MEDIODÍA,N°,Rev,MR
,,73,-,48
,TARDE,N°,Rev,MR
,,93,-,37
,NOCHE,N°,Rev,MR
,,2,R,33
,"Jueves, 5 de Febrero",,,
,MEDIODÍA,N°,Rev,MR
,,83,-,1
,TARDE,N°,Rev,MR
,,46,-,13
,NOCHE,N°,Rev,MR
,,38,-,65
,"Miércoles, 4 de Febrero",,,
,MEDIODÍA,N°,Rev,MR
,,74,R,42
,TARDE,N°,Rev,MR
,,17,R,44
,NOCHE,N°,Rev,MR
,,35,R,11
,"Martes, 3 de Febrero",,,
,MEDIODÍA,N°,Rev,MR
,,53,-,75
,TARDE,N°,Rev,MR
,,97,-,90
,NOCHE,N°,Rev,MR
,,84,-,32
,"Lunes, 2 de Febrero",,,
,MEDIODÍA,N°,Rev,MR
,,46,-,4
,TARDE,N°,Rev,MR
,,74,-,30
,NOCHE,N°,Rev,MR
,,45,-,84
,"Sábado, 31 de Enero",,,
,MEDIODÍA,N°,Rev,MR
,,52,R,18
,TARDE,N°,Rev,MR
,,67,R,98
,NOCHE,N°,Rev,MR
,,63,R,29
,"Viernes, 30 de Enero",,,
,MEDIODÍA,N°,Rev,MR
,,82,-,70
,TARDE,N°,Rev,MR
,,92,-,13
,NOCHE,N°,Rev,MR
,,36,R,42
,"Jueves, 29 de Enero",,,
,MEDIODÍA,N°,Rev,MR
,,99,R,22
,TARDE,N°,Rev,MR
,,16,R,35
,NOCHE,N°,Rev,MR
,,66,R,78
,"Miércoles, 28 de Enero",,,
,MEDIODÍA,N°,Rev,MR
,,27,-,9
,TARDE,N°,Rev,MR
,,72,-,13
,NOCHE,N°,Rev,MR
,,69,-,84
,"Martes, 27 de Enero",,,
,MEDIODÍA,N°,Rev,MR
,,97,-,39
,TARDE,N°,Rev,MR
,,3,-,4
,NOCHE,N°,Rev,MR
,,58,-,50
,"Lunes, 26 de Enero",,,
,MEDIODÍA,N°,Rev,MR
,,44,-,48
,TARDE,N°,Rev,MR
,,34,-,61
,NOCHE,N°,Rev,MR
,,83,-,82
,"Domingo, 25 de Enero",,,
,MEDIODÍA,N°,Rev,MR
,,18,-,43
,TARDE,N°,Rev,MR
,,96,-,7
,NOCHE,N°,Rev,MR
,,85,-,52
,"Sábado, 24 de Enero",,,
,MEDIODÍA,N°,Rev,MR
,,70,R,81
,TARDE,N°,Rev,MR
,,24,R,70
,NOCHE,N°,Rev,MR
,,1,-,44
,"Viernes, 23 de Enero",,,
,MEDIODÍA,N°,Rev,MR
,,80,-,39
,TARDE,N°,Rev,MR
,,31,-,52
,NOCHE,N°,Rev,MR
,,45,R,92
,"Jueves, 22 de Enero",,,
,MEDIODÍA,N°,Rev,MR
,,89,-,27
,TARDE,N°,Rev,MR
,,78,-,77
,NOCHE,N°,Rev,MR
,,13,-,41
,"Miércoles, 21 de Enero",,,
,MEDIODÍA,N°,Rev,MR
,,9,R,86
,TARDE,N°,Rev,MR
,,68,R,79
,NOCHE,N°,Rev,MR
,,37,-,83
,"Martes, 20 de Enero",,,
,MEDIODÍA,N°,Rev,MR
,,25,-,50
,TARDE,N°,Rev,MR
,,39,-,56
,NOCHE,N°,Rev,MR
,,76,R,38
,"Lunes, 19 de Enero",,,
,MEDIODÍA,N°,Rev,MR
,,1,-,7
,TARDE,N°,Rev,MR
,,22,-,34
,NOCHE,N°,Rev,MR
,,96,R,94
,"Domingo, 18 de Enero",,,
,MEDIODÍA,N°,Rev,MR
,,1,-,83
,TARDE,N°,Rev,MR
,,6,-,90
,NOCHE,N°,Rev,MR
,,63,-,61
,"Sábado, 17 de Enero",,,
,MEDIODÍA,N°,Rev,MR
,,45,-,95
,TARDE,N°,Rev,MR
,,54,-,9
,NOCHE,N°,Rev,MR
,,33,R,51
,"Viernes, 16 de Enero",,,
,MEDIODÍA,N°,Rev,MR
,,88,R,41
,TARDE,N°,Rev,MR
,,74,R,61
,NOCHE,N°,Rev,MR
,,0,R,27
,"Jueves, 15 de Enero",,,
,MEDIODÍA,N°,Rev,MR
,,48,-,97
,TARDE,N°,Rev,MR
,,75,-,50
,NOCHE,N°,Rev,MR
,,72,-,97
,"Miércoles, 14 de Enero",,,
,MEDIODÍA,N°,Rev,MR
,,36,-,19
,TARDE,N°,Rev,MR
,,99,-,90
,NOCHE,N°,Rev,MR
,,99,R,53
,"Martes, 13 de Enero",,,
,MEDIODÍA,N°,Rev,MR
,,26,-,3
,TARDE,N°,Rev,MR
,,32,-,89
,NOCHE,N°,Rev,MR
,,55,R,91
,"Lunes, 12 de Enero",,,
,MEDIODÍA,N°,Rev,MR
,,97,R,72
,TARDE,N°,Rev,MR
,,26,R,72
,NOCHE,N°,Rev,MR
,,10,-,52
,"Domingo, 11 de Enero",,,
,MEDIODÍA,N°,Rev,MR
,,57,-,56
,TARDE,N°,Rev,MR
,,27,-,5
,NOCHE,N°,Rev,MR
,,63,R,37
,"Sábado, 10 de Enero",,,
,MEDIODÍA,N°,Rev,MR
,,14,-,57
,TARDE,N°,Rev,MR
,,87,-,20
,NOCHE,N°,Rev,MR
,,19,-,69
,"Viernes, 9 de Enero",,,
,MEDIODÍA,N°,Rev,MR
,,95,-,95
,TARDE,N°,Rev,MR
,,89,-,40
,NOCHE,N°,Rev,MR
,,19,-,77
,"Jueves, 8 de Enero",,,
,MEDIODÍA,N°,Rev,MR
,,29,R,6
,TARDE,N°,Rev,MR
,,33,R,46
,NOCHE,N°,Rev,MR
,,76,R,50
,"Miércoles, 7 de Enero",,,
,MEDIODÍA,N°,Rev,MR
,,20,-,52
,TARDE,N°,Rev,MR
,,58,-,52
,NOCHE,N°,Rev,MR
,,73,-,48
,"Martes, 6 de Enero",,,
,MEDIODÍA,N°,Rev,MR
,,36,R,83
,TARDE,N°,Rev,MR
,,18,R,48
,NOCHE,N°,Rev,MR
,,96,-,5
,"Lunes, 5 de Enero",,,
,MEDIODÍA,N°,Rev,MR
,,4,-,82
,TARDE,N°,Rev,MR
,,61,-,10
,NOCHE,N°,Rev,MR
,,25,-,36
,"Domingo, 4 de Enero",,,
,MEDIODÍA,N°,Rev,MR
,,48,R,98
,TARDE,N°,Rev,MR
,,4,R,4
,NOCHE,N°,Rev,MR
,,3,-,53
,"Sábado, 3 de Enero",,,
,MEDIODÍA,N°,Rev,MR
,,90,-,63
,TARDE,N°,Rev,MR
,,82,-,93
,NOCHE,N°,Rev,MR
,,38,-,46
,"Viernes, 2 de Enero",,,
,MEDIODÍA,N°,Rev,MR
,,30,-,21
,TARDE,N°,Rev,MR
,,67,-,13
,NOCHE,N°,Rev,MR
,,6,R,13